minute,quality,simulation_time,target,timestamp,value
16,good,2026-01-01T00:16:00Z,1.15,2026-01-01T00:16:00Z,1.096
17,good,2026-01-01T00:17:00Z,1.1,2026-01-01T00:17:00Z,1.095
18,good,2026-01-01T00:18:00Z,1.1,2026-01-01T00:18:00Z,1.095
19,good,2026-01-01T00:19:00Z,1.1,2026-01-01T00:19:00Z,1.088
20,good,2026-01-01T00:20:00Z,1.1,2026-01-01T00:20:00Z,1.082
21,good,2026-01-01T00:21:00Z,1.1,2026-01-01T00:21:00Z,1.077
22,good,2026-01-01T00:22:00Z,1.1,2026-01-01T00:22:00Z,1.073
23,good,2026-01-01T00:23:00Z,1.1,2026-01-01T00:23:00Z,1.069
24,good,2026-01-01T00:24:00Z,1.1,2026-01-01T00:24:00Z,1.066
25,good,2026-01-01T00:25:00Z,1.1,2026-01-01T00:25:00Z,1.063
26,good,2026-01-01T00:26:00Z,1.1,2026-01-01T00:26:00Z,1.061
27,good,2026-01-01T00:27:00Z,1.1,2026-01-01T00:27:00Z,1.059
28,good,2026-01-01T00:28:00Z,1.1,2026-01-01T00:28:00Z,1.057
29,good,2026-01-01T00:29:00Z,1.05,2026-01-01T00:29:00Z,1.056
30,good,2026-01-01T00:30:00Z,1.05,2026-01-01T00:30:00Z,1.055
31,good,2026-01-01T00:31:00Z,1.05,2026-01-01T00:31:00Z,1.048
32,good,2026-01-01T00:32:00Z,1.05,2026-01-01T00:32:00Z,1.041
33,good,2026-01-01T00:33:00Z,1.05,2026-01-01T00:33:00Z,1.036
34,good,2026-01-01T00:34:00Z,1.05,2026-01-01T00:34:00Z,1.031
35,good,2026-01-01T00:35:00Z,1.05,2026-01-01T00:35:00Z,1.027
36,good,2026-01-01T00:36:00Z,1.05,2026-01-01T00:36:00Z,1.024
37,good,2026-01-01T00:37:00Z,1.05,2026-01-01T00:37:00Z,1.021
38,good,2026-01-01T00:38:00Z,1.05,2026-01-01T00:38:00Z,1.018
39,good,2026-01-01T00:39:00Z,1.05,2026-01-01T00:39:00Z,1.016
40,good,2026-01-01T00:40:00Z,1.05,2026-01-01T00:40:00Z,1.014
41,good,2026-01-01T00:41:00Z,1.05,2026-01-01T00:41:00Z,1.012
42,good,2026-01-01T00:42:00Z,1,2026-01-01T00:42:00Z,1.011
43,good,2026-01-01T00:43:00Z,1,2026-01-01T00:43:00Z,1.009
44,good,2026-01-01T00:44:00Z,1,2026-01-01T00:44:00Z,1.002
45,good,2026-01-01T00:45:00Z,1,2026-01-01T00:45:00Z,0.996
46,good,2026-01-01T00:46:00Z,1,2026-01-01T00:46:00Z,0.991
47,good,2026-01-01T00:47:00Z,1,2026-01-01T00:47:00Z,0.986
48,good,2026-01-01T00:48:00Z,1,2026-01-01T00:48:00Z,0.982
49,good,2026-01-01T00:49:00Z,1,2026-01-01T00:49:00Z,0.978
50,good,2026-01-01T00:50:00Z,1,2026-01-01T00:50:00Z,0.975
51,good,2026-01-01T00:51:00Z,1,2026-01-01T00:51:00Z,0.972
52,good,2026-01-01T00:52:00Z,1,2026-01-01T00:52:00Z,0.97
53,good,2026-01-01T00:53:00Z,1,2026-01-01T00:53:00Z,0.968
54,good,2026-01-01T00:54:00Z,1.15,2026-01-01T00:54:00Z,0.967
55,good,2026-01-01T00:55:00Z,1.15,2026-01-01T00:55:00Z,0.968
56,good,2026-01-01T00:56:00Z,1.15,2026-01-01T00:56:00Z,0.984
57,good,2026-01-01T00:57:00Z,1.15,2026-01-01T00:57:00Z,0.999
58,good,2026-01-01T00:58:00Z,1.15,2026-01-01T00:58:00Z,1.013
59,good,2026-01-01T00:59:00Z,1.15,2026-01-01T00:59:00Z,1.025
60,good,2026-01-01T01:00:00Z,1.15,2026-01-01T01:00:00Z,1.035
61,good,2026-01-01T01:01:00Z,1.15,2026-01-01T01:01:00Z,1.044
62,good,2026-01-01T01:02:00Z,1.15,2026-01-01T01:02:00Z,1.052
63,good,2026-01-01T01:03:00Z,1.15,2026-01-01T01:03:00Z,1.059
64,good,2026-01-01T01:04:00Z,1.15,2026-01-01T01:04:00Z,1.065
65,good,2026-01-01T01:05:00Z,1.15,2026-01-01T01:05:00Z,1.07
66,good,2026-01-01T01:06:00Z,1.15,2026-01-01T01:06:00Z,1.075
67,good,2026-01-01T01:07:00Z,1.15,2026-01-01T01:07:00Z,1.079
68,good,2026-01-01T01:08:00Z,1.15,2026-01-01T01:08:00Z,1.083
69,good,2026-01-01T01:09:00Z,1.15,2026-01-01T01:09:00Z,1.086
70,good,2026-01-01T01:10:00Z,1.15,2026-01-01T01:10:00Z,1.088
71,good,2026-01-01T01:11:00Z,1.15,2026-01-01T01:11:00Z,1.091
72,good,2026-01-01T01:12:00Z,1.15,2026-01-01T01:12:00Z,1.093
73,good,2026-01-01T01:13:00Z,1.15,2026-01-01T01:13:00Z,1.095
74,good,2026-01-01T01:14:00Z,1.15,2026-01-01T01:14:00Z,1.097
75,good,2026-01-01T01:15:00Z,1.15,2026-01-01T01:15:00Z,1.099
76,good,2026-01-01T01:16:00Z,1.15,2026-01-01T01:16:00Z,1.101
77,good,2026-01-01T01:17:00Z,1.15,2026-01-01T01:17:00Z,1.102
78,good,2026-01-01T01:18:00Z,1.15,2026-01-01T01:18:00Z,1.103
79,good,2026-01-01T01:19:00Z,1.15,2026-01-01T01:19:00Z,1.104
80,good,2026-01-01T01:20:00Z,1.15,2026-01-01T01:20:00Z,1.105
81,good,2026-01-01T01:21:00Z,1.15,2026-01-01T01:21:00Z,1.106
82,good,2026-01-01T01:22:00Z,1.15,2026-01-01T01:22:00Z,1.107
83,good,2026-01-01T01:23:00Z,1.15,2026-01-01T01:23:00Z,1.107
84,good,2026-01-01T01:24:00Z,1.15,2026-01-01T01:24:00Z,1.108
85,good,2026-01-01T01:25:00Z,1.15,2026-01-01T01:25:00Z,1.108
86,good,2026-01-01T01:26:00Z,1.15,2026-01-01T01:26:00Z,1.109
87,good,2026-01-01T01:27:00Z,1.15,2026-01-01T01:27:00Z,1.109
88,good,2026-01-01T01:28:00Z,1.15,2026-01-01T01:28:00Z,1.109
89,good,2026-01-01T01:29:00Z,1.15,2026-01-01T01:29:00Z,1.11
90,good,2026-01-01T01:30:00Z,1.15,2026-01-01T01:30:00Z,1.11
91,good,2026-01-01T01:31:00Z,1.15,2026-01-01T01:31:00Z,1.111
92,good,2026-01-01T01:32:00Z,1.15,2026-01-01T01:32:00Z,1.111
93,good,2026-01-01T01:33:00Z,1.15,2026-01-01T01:33:00Z,1.112
